Zip,Hours,Area
2122,5166,"Dorchester, MA"
2451,312,"Waltham, MA"
2905,380,"Providence, RI"
2124,3417.25,"Dorchester Center, MA"
1801,269,"Woburn, MA"
1803,34,"Burlington, MA"
2119,7355.5,"Roxbury, MA"
2128,561.84,"East Boston, MA"
2125,2993.5,"Dorchester, MA"
2145,1510,"Somerville, MA"
2116,3286.5,"Boston, MA"
2139,143.5,"Cambridge, MA"
2026,1303.5,"Dedham, MA"
2118,1962,"Boston, MA"
2129,879.5,"Charlestown, MA"
2143,376,"Somerville, MA"
2301,315,"Brockton, MA"
2332,270,"Duxbury, MA"
1862,395,"North Billerica, MA"
1845,1058,"North Andover, MA"
2472,418,"Watertown, MA"
2050,190,"Marshfield, MA"
2191,145,"North Weymouth, MA"
2370,145,"Rockland, MA"
2135,4145,"Brighton, MA"
2141,451.5,"Cambridge, MA"
2130,3162,"Jamaica Plain, MA"
2210,195.25,"Boston, MA"
3060,1816,"Nashua, NH"
3055,830.5,"Milford, NH"
2121,1059,"Dorchester, MA"
3054,426,"Merrimack, NH"
3104,306,"Manchester, NH"
3102,672,"Manchester, NH"
2115,49,"Boston, MA"
1902,111.5,"Lynn, MA"
1901,99,"Lynn, MA"
2110,434,"Boston, MA"
2144,198,"Somerville, MA"
1852,1394,"Lowell, MA"
1843,348,"Lawrence, MA"
1854,72,"Lowell, MA"
2155,359,"Medford, MA"
2421,844.5,"Lexington, MA"
2176,112,"Melrose, MA"
1451,135,"Harvard, MA"
2420,193.5,"Lexington, MA"
2120,481,"Roxbury Crossing, MA"
1773,1248,"Lincoln, MA"
2478,228,"Belmont, MA"
1876,105,"Tewksbury, MA"
1841,268.5,"Lawrence, MA"
6278,88,"Ashford, CT"
1701,1034.5,"Framingham, MA"
1453,78,"Leominster, MA"
2452,176,"Waltham, MA"
1527,108,"Millbury, MA"
2127,1678,"South Boston, MA"
1702,840,"Framingham, MA"
2151,94.5,"Revere, MA"
2114,1035.62,"Boston, MA"
2038,168,"Franklin, MA"
3079,90,"Salem, NH"
2142,254.75,"Cambridge, MA"
2149,371,"Everett, MA"
1810,105,"Andover, MA"
1826,68,"Dracut, MA"
1749,60,"Hudson, MA"
1742,36,"Concord, MA"
2126,440.5,"Mattapan, MA"
2056,105,"Norfolk, MA"
1752,1923,"Marlborough, MA"
2136,37.5,"Hyde Park, MA"
2189,85,"East Weymouth, MA"
2132,284,"West Roxbury, MA"
1106,285,"Longmeadow, MA"
2180,150,"Stoneham, MA"
92113,56,"San Diego, CA"
Boston,28,"Boston, MA"
2108,484,"Boston, MA"
1604,364,"Worcester, MA"
2134,48,"Allston, MA"
,116,"Boston, MA"
1720,910,"Acton, MA"
1748,256,"Hopkinton, MA"
2453,170,"Waltham, MA"
1844,328,"Methuen, MA"
2476,88,"Arlington, MA"
91436,135,"Encino, CA"
50258,397,"Union, IA"
92105,56,"San Diego, CA"
92101,91,"San Diego, CA"
92123,91,"San Diego, CA"
1545,150,"Shrewsbury, MA"
1603,912,"Worcester, MA"
2138,244,"Cambridge, MA"
2111,71,"Boston, MA"
1610,300,"Worcester, MA"
1908,48,"Nahant, MA"
1886,80.75,"Westford, MA"
3061,38.5,"Nashua, NH"
2131,92,"Roslindale, MA"
2163,0,"Boston, MA"
2215,0,"Boston, MA"
2467,0,"Chestnut Hill, MA"
2199,0,"Boston, MA"
2203,0,"Boston, MA"
2109,0,"Boston, MA"
2113,0,"Boston, MA"
2152,0,"Winthrop, MA"
